"investigador","idInvestigador","keywords_1","keywords_2","keywords_3","keywords_def_1","keywords_def_2","keywords_def_3"
"Miguez",37160,"Autogestion, Cooperativas, Recicladores, ciudad, pobreza","organizacion del trabajo, automatizacion, revolucion cientifico-tecnica, tecnologias de informacion, tecnologias de comunicacion.","Conocimienoto, valorizacion, innovacion, apropiacion, capitalismo cognitivo.","autogestion,cooperativa,reciclador,urbano,pobreza","trabajo,automatizacion,revolucion cientifico-tecnica,tecnologias de informacion,tecnologias de comunicacion","conocimienoto,valorizacion,innovacion,apropiacion,capitalismo"
"Merlinsky",29693,"Accion Colectiva, Medio Ambiente, Espacio Publico, protesta, ciudadanía","Accion Colectiva, Conflicto Ambiental, rio Uruguay, Argentina, repertorios.","Entrevista, metodologia de investigacion, pedagogia, Fenomenologia, Etnografia","accion colectiva,medio ambiente,espacio publico,protesta,urbano","accion colectiva,conflicto,latinoamerica,argentina,repertorio","entrevista,metodologia de investigacion,pedagogia,fenomenologia,etnografia"
"Rosas",24597,"Adolescencia, Sida, Educacion Sexual, Mexico, salud","migración, América Latina, género, familia, demografía","migración, América Latina, género, subjetividad, cuidado","adolescencia,sida,educacion sexual,latinoamerica,salud","migracion,latinoamerica,genero,familia,demografia","migracion,latinoamerica,genero,subjetividad,cuidado"
"Urcola",27037,"agricola, Argentina, estilo de vida, transformaciones, familia","juventud, globalización, cultura, cambio, psicosocial","teoría, juventud, conceptos, psicosocial, biosocial","rural,argentina,estilo de vida,transformacion,familia","juventud,capitalismo,cultura,cambio,psicosocial","teoria,juventud,concepto,psicosocial,biosocial"
"Castro",50743,"agua, saneamiento, público, privado, servicios","agua, sustentabilidad, ecología, poder, urbanismo","agua, desigualdad, conflicto, técnicos, poder","agua,saneamiento,publico,privado,servicio","agua,sustentabilidad,ecologia,poder,urbanismo","agua,desigualdad,conflicto,tecnicos,poder"
"Moreira",29366,"Aguante, Futbol, Hinchada, Violencia, masculinidad","Hincha De Futbol, Barras Bravas, Violencia, Honor, masculinidad","Hinchas De Futbol,Barra, Liderazgo, Proceso Politico, Legitimidad","aguante,futbol,hinchada,violencia,masculinidad","hincha de futbol,barra brava,violencia,honor,masculinidad","hinchas de futbol,barra,liderazgo,proceso politico,legitimidad"
"Alabarces",37366,"Aguante, Futbol, Hinchadas, Violencia, masculinidad","heroes, villains, soccer, media, myth.","Deporte, Futbol, Cultura, Ciencias Sociales, Argentina.","aguante,futbol,hinchada,violencia,masculinidad","heroe,villano,soccer,media,myth","deporte,futbol,cultura,ciencia social,argentina"
"Etchemendy",48071,"alimentacion, menores, anemia, nutrientes, Argentina.","prevencion secundaria, diabetes, costos directos, programas preventivos, medicina","palabras, desorden temporomandibular, ninos, prevalencia, medicina","alimentacion,menor,salud,nutriente,argentina","prevencion secundaria,diabetes,costo directo,programa preventivo,salud","palabra,desorden temporomandibular,nino,prevalencia,salud"
"Smulovitz",22749,"América Latina, instituciones, tercer sector, investigaciones, instituciones","teoría, democracia, instituciones, accountability, control","Argentina, transición, militares, democracia, control","latinoamerica,institucion,tercer sector,investigacion,institucion","teoria,democracia,institucion,accountability,control","argentina,transicion,militar,democracia,control"
"Caggiano",27307,"América Latina, migración, identidad, comunidad, Argentina","Argentina, ciudad, identidad, fronteras, desplazamientos","Frontera, Argentina, Bolivia, género, riesgos","latinoamerica,migracion,identidad,comunidad,argentina","argentina,urbano,identidad,frontera,desplazamiento","frontera,argentina,latinoamerica,genero,riesgo"
"Hathazy",45188,"América Latina, policía, militarización, poder, violencia","America Latina, prision, reforma, justicia, paradigma",NA,"latinoamerica,policia,militar,poder,violencia","latinoamerica,prision,reforma,justicia,paradigma",""
"Ferraudicurto",33984,"Antropologia, Politica, piqueteros, metodología, reflexividad","Argentina, clientelismo, urbanización, municipio, liderazgos",NA,"antropologia,politica,piquetero,metodologia,reflexividad","argentina,clientelismo,urbanizacion,municipio,liderazgos",""
"Wyczykier",23484,"Argentina, Autogestion, Empresas Recuperadas, Recolectivizacion, trabajo","Argentina, sindicatos, informalidad, acción colectiva, industria","América Latina, trabajo, domiciliario, informalidad, flexibilización","argentina,autogestion,empresa recuperada,recolectivizacion,trabajo","argentina,sindicalismo,informalidad,accion colectiva,industria","latinoamerica,trabajo,domiciliario,informalidad,flexibilizacion"
"Montescato",24606,"Argentina, automotriz, telecomunicaciones, desregulación, trabajo","Dominacion, Disciplina, Trabajo, Telecomunicaciones, Argentina","Argentina, sindicatos, organización, telecomunicaciones, basismo","argentina,automotriz,telecomunicacion,desregulacion,trabajo","dominacion,disciplina,trabajo,telecomunicacion,argentina","argentina,sindicalismo,organizacion,telecomunicacion,basismo"
"Piva",20785,"Argentina, capitalismo, crisis, protesta, conflicto","capitalismo, sindicatos, conflicto, Argentina, dirigencias","capitalismo, Argentina, acumulación, conflicto, hegemonía","argentina,capitalismo,crisis,protesta,conflicto","capitalismo,sindicalismo,conflicto,argentina,dirigencia","capitalismo,argentina,acumulacion,conflicto,hegemonia"
"Kessler",21988,"Argentina, delito, vulnerabilidad, temor, víctimas","Argentina, delito, juventud, exclusión, estrategias","Argentina, clase media, pauperización, estrategias, identidad","argentina,delito,vulnerabilidad,temor,victima","argentina,delito,juventud,exclusion,estrategia","argentina,clase social,pobreza,estrategia,identidad"
"Andrade",22986,"Argentina, Desertificacion, rural, ganado, alimentación","Zemelman,Observacion, Intervencion, Epistemologia, Latinoamericana","sociología comprensiva, inclusión, significado, universidad, filosofía","argentina,desertificacion,rural,ganado,alimentacion","zemelman,observacion,intervencion,epistemologia,latinoamericana","sociologia comprensiva,inclusion,significado,universidad,filosofia"
"Pantano",22375,"Argentina, discapacidad, problemas sociales, datos, políticas","discapacidad, conceptos, discriminación, salud, derechos humanos","discapacidad, población, ciclo de vida, salud, discriminación","argentina,discapacidad,problema social,dato,politica publica","discapacidad,concepto,discriminacion,salud,derecho humano","discapacidad,poblacion,ciclo de vida,salud,discriminacion"
"Garcia",21760,"Argentina, educación, universidades, demandas, políticas","Argentina, educación, universidad, deserción, políticas","desigualdad, trabajo, género, discriminación, teoría","argentina,educacion,universidad,demanda,politica publica","argentina,educacion,universidad,desercion,politica publica","desigualdad,trabajo,genero,discriminacion,teoria"
"Bidaseca",24566,"Argentina, indígena, identidad, propiedad, representaciones","genero, subalternidad, pluralismo juridico, postcolonialidad, raza.","Feminismo, Colonialidad, Subalternidad, Genero, Voces Bajas","argentina,indigena,identidad,propiedad,representacion","genero,subalternidad,pluralismo juridico,postcolonialidad,raza","feminismo,colonialidad,subalternidad,genero,voces bajas"
"Walter",22943,"Argentina, industria, cooperación, tecnología, innovación","Argentina, crisis, industria, flexibilización, trabajo","América Latina, privatizaciones, telefonía, trabajo, comparación","argentina,industria,cooperacion,tecnologia,innovacion","argentina,crisis,industria,flexibilizacion,trabajo","latinoamerica,privatizacion,telefonia,trabajo,comparacion"
"Meraalba",20776,"Argentina, inmigración, Corea, convivencia, diversidad","inmigracion, Corea, diaspora, redes transnacionales, identidad","ciudad, inmigración, Corea, diversidad, representaciones","argentina,inmigracion,corea,convivencia,diversidad","inmigracion,corea,diaspora,red transnacional,identidad","urbano,inmigracion,corea,diversidad,representacion"
"Miranda",20819,"Argentina, juventud, trabajo, escuela, trayectorias","Argentina, juventud, escuela, trabajo, trayectorias","Argentina,juventud, escuela, género, trabajo","argentina,juventud,trabajo,educacion,trayectoria","argentina,juventud,educacion,trabajo,trayectoria","argentina,juventud,educacion,genero,trabajo"
"Jacinto",21967,"Argentina, juventud, trabajo, estrategias, actores","Argentina, juventud, trabajo, sectores populares, desempleo","Argentina, juventud, trabajo, sectores populares, políticas, subjetividad","argentina,juventud,trabajo,estrategia,actores","argentina,juventud,trabajo,sector popular,trabajo","argentina,juventud,trabajo,sector popular,politica publica,subjetividad"
"Esteban",36261,"Argentina, migracion, exilio, crisis, economia.","migracion, Argentina, Espana, Flujos, Stock","desestimiento, empleabilidad, carcel, trabajo en prision, Espana.","argentina,migracion,exilio,crisis,economia","migracion,argentina,europa,flujo,stock","desestimiento,trabajo,carcel,trabajo,europa"
"Santella",26992,"Argentina, movilizaciones, poder, coaliciones, dominación","teoría, marxismo, sindicatos, elite sindical, Argentina","Argentina, sindicatos, setenta, dominación, confrontación","argentina,movilizacion,poder,coalicion,dominacion","teoria,marxismo,sindicalismo,elite sindical,argentina","argentina,sindicalismo,setenta,dominacion,confrontacion"
"Varela",22874,"Argentina, peronismo, medios, popular, cultura","historiografía, medios, arte, comunicación, períodización","Argentina, televisión, modernidad, peronismo, Nación","argentina,peronismo,medios,popular,cultura","historiografia,medios,arte,comunicacion,periodizacion","argentina,television,modernidad,peronismo,nacion"
"Donatello",20782,"Argentina, peronismos, redes, lucha armada, Iglesia","guerrilla, Argentina, setenta, Iglesia, redes transnacionales","Argentina, setenta, guerrilla, elite, Igleisa","argentina,peronismo,red,lucha armada,religion","guerrilla,argentina,setenta,religion,red transnacional","argentina,setenta,guerrilla,elite,igleisa"
"Acuna",21000,"Argentina, políticas, educación, gestión, instituciones","América Latina, sociedad, estado, elite, instituciones","América Latina, Europa, gestión, modernización, estado","argentina,politica publica,educacion,gestion,institucion","latinoamerica,sociedad,estado,elite,institucion","latinoamerica,europa,gestion,modernizacion,estado"
"Miguez",22223,"Argentina, políticas, religión, juventud, evangélicos","delito, profesionales, cuerpo, identidad, evangélicos","Argentina, evangélicos, religión, crisis, conversión","argentina,politica publica,religion,juventud,evangelismo","delito,profesional,cuerpo,identidad,evangelismo","argentina,evangelismo,religion,crisis,conversion"
"Gorban",25873,"Argentina, recicladores, barrio, informalidad, crisis","Argentina, cambio social, recicladores, informalidad, crisis","servicio doméstico, Argentina, afectos, empleadores, vida cotidiana","argentina,reciclador,barrio,informalidad,crisis","argentina,cambio social,reciclador,informalidad,crisis","servicio domestico,argentina,afecto,trabajo,vida cotidiana"
"Craviotti",21475,"Argentina, rural, agricultores, crisis, exclusión","Argentina, rural, trabajo, cambios, familias","Argentina, cambios, rural, producción, hábitat","argentina,rural,agricultor,crisis,exclusion","argentina,rural,trabajo,cambio,familia","argentina,cambio,rural,produccion,habitat"
"Quaranta",22505,"Argentina, rural, agricultores, migrantes, alimentación","Argentina, rural, propiedad, contratos, tierra","argentina, rural, empleo, flexibilización, cambios","argentina,rural,agricultor,migrante,alimentacion","argentina,rural,propiedad,contrato,tierra","argentina,rural,trabajo,flexibilizacion,cambio"
"Felitti",27066,"Argentina, setentas, sexo, homosexuales, género","Catolicismo, Estado, Derechos Humanos, Sexualidad, Argentina","Religion, Sexualidad, Politica, aborto, matrimonio igualitario","argentina,setenta,sexo,sexualidad,genero","religion,estado,derecho humano,sexualidad,argentina","religion,sexualidad,politica,aborto,matrimonio"
"Novick",22320,"Argentina, trabajo, desarrollo, Kirchnerismo, políticas","América Latina, mercado, trabajo, sociedad del conocimiento, desarrollo","América Latina, conocimiento, competencia, mercados, desarrollo","argentina,trabajo,desarrollo,gobierno,politica publica","latinoamerica,mercado,trabajo,sociedad del conocimiento,desarrollo","latinoamerica,conocimiento,competencia,mercado,desarrollo"
"Ghigliani",24270,"Argentina, trabajo, gestión, fabricas, protesta","Argentina, sindicatos, protesta, negociación, dirigencia","sindicatos, globalización, cambio institucional, capitalismo, redes","argentina,trabajo,gestion,fabrica,protesta","argentina,sindicalismo,protesta,negociacion,dirigencia","sindicalismo,capitalismo,cambio institucional,capitalismo,red"
"Muzlera",39212,"Argentina. agricultura, alimentación, familia, género","Contratistas, Maquinaria Agricola, trabajo, Credito, Argentina","Espacios regionales, sujetos sociales, agricultura, políticas públicas, siglo xx","argentina agricultura,alimentacion,familia,genero","contratista,rural,trabajo,credito,argentina","espacios regionales,sujeto social,agricultura,politica publica,siglo xx"
"Wald",41640,"arte, música, juventud, salud, vulnerabilidad","arte, música, juventud, salud, vulnerabilidad","juventud, arte, musica, fotografia, vulnerabilidad","arte,musica,juventud,salud,vulnerabilidad","arte,musica,juventud,salud,vulnerabilidad","juventud,arte,musica,fotografia,vulnerabilidad"
"Papalini",22379,"Autoayuda, terapia, cultura, New Age, Neocapitalismo.","autoayuda, terapia, cultura, medios, subjetividad","autoayuda, terapia, discursos, subjetividad, libros","autoayuda,terapia,cultura,new age,capitalismo","autoayuda,terapia,cultura,medios,subjetividad","autoayuda,terapia,discurso,subjetividad,libro"
"Battistini",19270,"automatización, Representacion , sindicatos, Trabajo, clase","identidad, precarierdad, trabajo, industria, Argentina","Flexibilidad, Desregulacion, Industria, Automotriz, Telecomunicaciones.","automatizacion,representacion,sindicalismo,trabajo,clase","identidad,precarierdad,trabajo,industria,argentina","flexibilidad,desregulacion,industria,automotriz,telecomunicacion"
"Sala",36259,"Brasil, migracion, cono sur, reflexion, immigracion.","Sobrecalificacion, Migracion Laboral, Escolaridad, Argentina, Brasil","Argentina, Brasil, Cohortes Migratorias, Escolaridad, Segregacion Laboral","latinoamerica,migracion,latinoamerica,reflexion,immigracion","sobrecalificacion,migracion laboral,educacion,argentina,latinoamerica","argentina,latinoamerica,cohortes migratorias,educacion,segregacion"
"Rodriguezbilella",24629,"campesinos, agua, conflicto, ruralidad, desarrollo.","Latinoamerica, evaluacion, aprendizaje, participacion, sistematizacion.","Sistematizacion, Aprendizaje, Desarrollo Sustentable, Politicas Publicas, Evaluacion","agricultor,agua,conflicto,rural,desarrollo","latinoamerica,evaluacion,aprendizaje,participacion,sistematizacion","sistematizacion,aprendizaje,desarrollo sustentable,politica publica,evaluacion"
"Valobra",27967,"campo, medicina, argentina, sexualidad, tribadismo.","Argentina, Sufragistas, feminismo, genero, partidos.","Partido Comunista, Movimientos Sociales, Genero, Peronismo, Identidad","campo,salud,argentina,sexualidad,tribadismo","argentina,sufragista,feminismo,genero,partido","partido comunista,movimiento social,genero,peronismo,identidad"
"Lopezruiz",29128,"capital humano, ethos empresarial, corporaciones transnacionales, capitalismo, administracion de empresas.","innovacion tecnologica, capital humano, genetica, economia, empresa.","capacitacion, capital humano, cultural corporativa, neoliberalismo, economia.","capital humano,ethos empresarial,corporacion transnacional,capitalismo,empresas","innovacion tecnologica,capital humano,genetica,economia,empresa","capacitacion,capital humano,cultural corporativa,neoliberalismo,economia"
"Cowanros",29635,"capital social, neoliberalismo, reestructuración, rural, Argentina","pobreza, ruralidad, desarrollo, ONGs, financiamiento","Medicacion, Campesinado,Indigena, rural, Reproduccion Social","capital social,neoliberalismo,reestructuracion,rural,argentina","pobreza,rural,desarrollo,ongs,financiamiento","medicacion,campesinado,indigena,rural,reproduccion social"
"Heredia",30932,"Chile, Argentina, dictadura, neoliberalismo, redes transnacionales.","elites, liberalismo, ruralidad, reformas, neocorporativismo.","estructura social, ricos, minoria privilegiada, nuevos ricos, Argentina.","latinoamerica,argentina,dictadura,neoliberalismo,red transnacional","elite,liberalismo,rural,reforma,neocorporativismo","estructura social,rico,minoria privilegiada,nuevos ricos,argentina"
"D'Alessandro",27453,"Ciencia Politica, Argentina, Institucionalizacion, Disciplina, Universidad","Argentina, transición, movimientos sociales, derechos humanos, afectividad","ciencia política, estudiante, conocimiento, disciplina, campos","ciencia politica,argentina,institucionalizacion,disciplina,universidad","argentina,transicion,movimiento social,derecho humano,afectividad","ciencia politica,estudiante,conocimiento,disciplina,campos"
"Lesgart",19327,"Ciencia Politica, disciplina, Historigrafia, historia,  comparacion","democracia, transicion, intelectuales, Argentina, ideas","Ciencia Politica, Historia, Argentina, comparacion, disciplinas","ciencia politica,disciplina,historigrafia,historia,comparacion","democracia,transicion,intelectual,argentina,idea","ciencia politica,historia,argentina,comparacion,disciplinas"
"Zabala",20687,"ciencía, medicina, enfermedades, transformaciones, Argentina","Investigacion, ciencia, Problemas Sociales, enfermedades, políticas","medicina, enfermedad, ciencia, instituciones, Argentina","ciencia,salud,enfermedad,transformacion,argentina","investigacion,ciencia,problema social,enfermedad,politica publica","salud,enfermedad,ciencia,institucion,argentina"
"Ponza",29074,"ciencias sociales, intelectuales, organicos, comprometidos, expertos","Marxismo, Cristianismo, Peronismo, Concilio Vaticano,Violencia","Intelectuales, Historia, Ideas, Cultura, Politica","ciencia social,intelectual,organico,comprometido,experto","marxismo,religion,peronismo,concilio vaticano,violencia","intelectual,historia,idea,cultura,politica"
"Vommaro",32319,"clientelismo, política, intercambio, comparativo, sociedad","Clientelismo, Politicas Sociales, etnografía, subnacional, Argentina","Argentina, clientelismo, Moral, sectores populares, peronismo","clientelismo,politica,intercambio,comparativo,sociedad","clientelismo,politica publica,etnografia,subnacional,argentina","argentina,clientelismo,moral,sector popular,peronismo"
"Poblete",33978,"Colectivo, Trabajo Agricola, Reconversion Industrial, Inseguridad Laboral, Argentina","contratista, mercado de trabajo, pobreza, vitivinicultura, Argentina.","Trabajadores Rurales, Flexibilidad Laboral, Precariedad Laboral, Vitivinicultura, Argentina","colectivo,rural,reconversion industrial,inseguridad laboral,argentina","contratista,trabajo,pobreza,vitivinicultura,argentina","agricultor,flexibilidad laboral,inseguridad laboral,vitivinicultura,argentina"
"Nussbaumer",31283,"Comunidad, Aborigen, Etnicidad, Significados, retorno","Comunidad, Indigena, POiliticas Publicas, Sentidos, Argentina","Indigenas, Pueblo, Territorio, Autonomia, Argentina.","comunidad,aborigen,etnicidad,significado,retorno","comunidad,indigena,politica publica,sentido,argentina","indigena,pueblo,territorio,autonomia,argentina"
"Kozel",40177,"Comunidad, Desarrollo, LeopoldoZea, pensamiento, América Latina","Ethos latinoamericano, desarrollo, Leopoldo Zea","fracaso argentino, Historia de las Ideas, intelectual","comunidad,desarrollo,leopoldozea,pensamiento,latinoamerica","ethos latinoamericano,desarrollo,leopoldo zea","fracaso argentino,historia de las ideas,intelectual"
"Demarinis",31408,"Comunidad,Sociedad, Sociologia, Racionalidad, Politica","Comunidad, Sociologia Clasica, Max Weber, tipo ideal, combatientes.",NA,"comunidad,sociedad,sociologia,racionalidad,politica","comunidad,sociologia clasica,max weber,tipo ideal,combatiente",""
"Gimenezbeliveau",24499,"Comunidades, Iglesia, Argentina, formación, política","Triple Frontera, Representaciones, Funcionarios, Politica, Mercosur","Politica, Secularizacion, Diversidad, religión, America Latina","comunidad,religion,argentina,formacion,politica","triple frontera,representacion,funcionario,politica,mercosur","politica,secularizacion,diversidad,religion,latinoamerica"
"Aboycarles",20155,"Conservadurismo, Autoritarismo, Intelectual, Control, Politica Social","populismo, hegemonía, Laclau, Argentina, teoría","populismo, peronismo, radicalismo, Argentina, hegemonia","conservadurismo,autoritarismo,intelectual,control,politica social","populismo,hegemonia,laclau,argentina,teoria","populismo,peronismo,radicalismo,argentina,hegemonia"
"Martinez",33675,"cualitativo, feminismo, etnografía, genero, cuerpo","Discurso, Socializacion, Cine, Infantil, Genero","integración de método, teoría fundamentada, análisis de cluster, triangulación metodológica","cualitativo,feminismo,etnografia,genero,cuerpo","discurso,socializacion,cine,infantil,genero","integracion de metodo,teoria fundamentada,analisis de cluster,triangulacion metodologica"
"Vergara",23919,"Cuerpo, Emociones, Crisis, Accion Colectiva, precariedad","Cuerpos, Emociones, poder, Civilizacion, Capitalismo","cuerpos, recuperadores urbanos, imaginación, conflictos","cuerpo,emocion,crisis,accion colectiva,precariedad","cuerpo,emocion,poder,civilizacion,capitalismo","cuerpo,urbano,imaginacion,conflicto"
"Setton",26070,"Cuerpo, Pertenencia, Argentina, Conversion, Cosmologia","Judaismo, Pentecostalismo, Cuerpo, Periferia, Argentina","judaismo, ortodoxia, identidad, autoridad, Argentina","cuerpo,pertenencia,argentina,conversion,cosmologia","religion,evangelismo,cuerpo,periferia,argentina","religion,ortodoxia,identidad,autoridad,argentina"
"Algranti",29247,"Cuerpo, Pertenencia, Historia, Conversacion, Religion.","religion, neo-pentecostalismo, evangelicos, autoayuda, Argentina","Neo-Pentecostalismo, Politica, Mito Historificado, Biblia,  Religion","cuerpo,pertenencia,historia,conversacion,religion","religion,evangelismo,evangelismo,autoayuda,argentina","evangelismo,politica,mito historificado,biblia,religion"
"Zibecchi",26918,"Cuidado, Infancia, Argentina, género, Organizaciones Sociales","Argentina, transferencias condicionadas, pobreza, cuidado, superación","Argentina, transferencias condicionadas, pobreza, maternidad, obligaciones","cuidado,infancia,argentina,genero,organizacion social","argentina,transferencia condicionada,pobreza,cuidado,superacion","argentina,transferencia condicionada,pobreza,maternidad,obligaciones"
"Palermo",22370,"cultura politica, historia, Argentina, Brasil, comparacion.","Brasil, instituciones, gobierno, estado, política","Argentina, dictadura, guerra, memoria, represión","cultura politica,historia,argentina,latinoamerica,comparacion","latinoamerica,institucion,gobierno,estado,politica","argentina,dictadura,guerra,memoria,represion"
"Degori",29315,"Cumbia, música, identidad,  Villera, cultura","reformas borbonicas, virreinatos, rebeliones indigenas, revolucion, juntas.","Fernando Vll, Independencia, Virreinato Del Rio De La Plata, Revolucion De Mayo, iconografia.","cumbia,musica,identidad,villera,cultura","reforma borbonica,virreinato,rebelion indigena,revolucion,junta","fernando vll,independencia,argentina,revolucion de mayo,iconografia"
"Frigerio",19747,"danza, brasil, cultura, cuerpos, raza","religión, sectas, medios, representaciones, prejuicios","raza, racismo, Argentina, categorías, representaciones","danza,latinoamerica,cultura,cuerpo,raza","religion,secta,medios,representacion,prejuicio","raza,racismo,argentina,categoria,representacion"
"Ipar",31122,"Democracia, Capitalismo, Clases Sociales, Ideologias, teoría","democracia, transicion, desigualdad, ciencias sociales, Latinoamerica","Adorno, Industria Cultural, Cine, Arte, consumo.","democracia,capitalismo,clase social,ideologia,teoria","democracia,transicion,desigualdad,ciencia social,latinoamerica","adorno,industria cultural,cine,arte,consumo"
"Giordano",37626,"Democracia, Estado, Mercado, derechas, America Latina,","derecho, genero, ciudadania, Brasil, Argentina, Uruguay","imaginacion, magia, indigena, ritual, Argentina","democracia,estado,mercado,derecha,latinoamerica","derecho,genero,urbano,latinoamerica,argentina,latinoamerica","imaginacion,magia,indigena,ritual,argentina"
"Kerz",19325,"Democracia, Transicion, Regimen, ideologia, Critica Democratica","Democracia, Transicion, Gobernabilidad, Crisis Incertidumbre, aceleracion","filosofía, habermas, público, estado, neoliberalismo","democracia,transicion,regimen,ideologia,critica democratica","democracia,transicion,gobernabilidad,crisis incertidumbre,aceleracion","filosofia,habermas,publico,estado,neoliberalismo"
"Leiras",30994,"descentralizacion, federalismo, nacionalizacion, partidos, elecciones.","Ciencia Politica ,Argentina,Institucionalizacion , disciplina, universidad","federalismo, descentralizacion, rendicion de cuentas, instituciones, Argentina","descentralizacion,federalismo,nacionalizacion,partido,elecciones","ciencia politica,argentina,institucionalizacion,disciplina,universidad","federalismo,descentralizacion,accountability,institucion,argentina"
"Benclowicz",36785,"desempledos, piqueteros, izquierda, neoliberalismo, protesta","movimientos sociales, piqueteros, repertorios, estado benefactor, Argentina.","Desocupados, Movimientos sociales, Piqueteros, Izquierda, Identidades Emergentes","desempledo,piquetero,izquierda,neoliberalismo,protesta","movimiento social,piquetero,repertorio,actores,argentina","desocupado,movimiento social,piquetero,izquierda,identidad emergente"
"Delfini",30179,"desocupación, pobreza,disciplinamiento, trabajo, Argentina","Trabajo, Automotriz, Flexibilidad, Hibridacion, Argentina","Automotriz, Trabajo, Control, Consentimiento, Estrategias Empresarias","trabajo,pobreza,disciplinamiento,trabajo,argentina","trabajo,automotriz,flexibilidad,hibridacion,argentina","automotriz,trabajo,control,consentimiento,estrategia empresaria"
"Canelo",26308,"dictadura, funcionarios, nacionalistas, liberales, Argentina","Argentina, dictadura, poder, militares, descomposición","Ministerio, Dictadura, Argentina, represion, consenso","dictadura,funcionario,nacionalista,liberal,argentina","argentina,dictadura,poder,militar,descomposicion","ministerio,dictadura,argentina,represion,consenso"
"D'Antonio",41104,"dictadura, genero, presos, maternidad, desaparecidos.","marxismo, Latinoamerica, multiplicidad, especificidad, Mariategui.","presos politicos, carcel, dictadura, protesta, represion.","dictadura,genero,preso,maternidad,desaparicion","marxismo,latinoamerica,multiplicidad,especificidad,mariategui","preso politico,carcel,dictadura,protesta,represion"
"Ameigeiras",21055,"Dios, Identidad, religión, diversidad, creencias","teoría, hermeneútica, investigación, comprensión, interpretación","Argentina, religión, mitos, popular, Virgen","dios,identidad,religion,diversidad,creencia","teoria,hermeneutica,investigacion,comprension,interpretacion","argentina,religion,mito,popular,virgen"
"Gallo",24247,"discurso, política, derecha, alteridad, Argentina","modelos, gobiernos, coaliciones, Sudamérica, comparación","América Latina, Partidos politicos, democracia interna, primarias abiertas, comparacion","discurso,politica,derecha,alteridad,argentina","modelo,gobierno,coalicion,latinoamerica,comparacion","latinoamerica,partidos politicos,democracia,elecciones,comparacion"
"Biglieri",20748,"discurso, pueblo, emancipacion, debate, politica.","Populismo, Kirchner, Hegemonia, Pueblo, Analisis Del Discurso","Matrimonio Igualitario, Emancipacion, Igualdad, Populismo, Kirchnerismo","discurso,pueblo,emancipacion,debate,politica","populismo,kirchner,hegemonia,pueblo,analisis del discurso","matrimonio,emancipacion,igualdad,populismo,gobierno"
"Rossi",20902,"Economia, Politica, Crematistica, estado, régimen,","Justicia, Sociabilidad, Derecho, Amor, filosofia","Complejidad, Emergencia, Interdisciplina, Organizacion, Sistema Complejo","economia,politica,crematistica,estado,regimen","justicia,sociabilidad,derecho,amor,filosofia","complejidad,emergencia,interdisciplina,organizacion,sistema complejo"
"Rieznik",29294,"educacion, universidad, comunidad cientifica, astronomia, Argentina","Estado, Territorio, Horario, Telegrafo, Ferrocarril","Historia, Astronomia, observatorio astronomico, ciencia, Argentina","educacion,universidad,comunidad cientifica,astronomia,argentina","estado,territorio,horario,telegrafo,ferrocarril","historia,astronomia,observatorio astronomico,ciencia,argentina"
"Cristiano",32006,"Eleccion Racional, sociedad, teoría,individualismo, comunidad","Accion Social, Creatividad, Disposiciones, Representaciones Sociales, imaginacion.","Imaginacion, Accion Social, Creatividad, Castoriadis, Habitus","elecciones,sociedad,teoria,individualismo,comunidad","accion social,creatividad,disposicion,representacion social,imaginacion","imaginacion,accion social,creatividad,castoriadis,habitus"
"Castellani",21357,"elites, crisis, convertibilidad, devaluacion, dolar.","elites, convertibilidad, finanzas, estado, empresas.","desarrollo, intervencion estatal, empresarios, elites, Argentina","elite,crisis,convertibilidad,devaluacion,dolar","elite,convertibilidad,finanza,estado,empresa","desarrollo,intervencion estatal,empresas,elite,argentina"
"Rebon",20602,"Empresas Recuperadas, Argentina,desigualdad, Autonomia, trabajo","Argentina, movimientos sociales, crisis, desigualdad, protesta","Argentina, empresas recuperadas, crisis, trabajo, organización","empresa recuperada,argentina,desigualdad,autonomia,trabajo","argentina,movimiento social,crisis,desigualdad,protesta","argentina,empresa recuperada,crisis,trabajo,organizacion"
"Vasilachis",20376,"Epistemologia, Sujeto, Pobreza, Identidad, Discriminacion","Analisis discurso, categorizacion, trabajo, teoría, semántica","Epistemologia, sujeto, cualitativa, cognitiva, constructivismo","epistemologia,sujeto,pobreza,identidad,discriminacion","analisis discurso,categorizacion,trabajo,teoria,semantica","epistemologia,sujeto,cualitativa,cognitiva,constructivismo"
"Dileo",28850,"Escuela Media, Autoridad, Subjetivacion, Violencias, educación","salud, educacion, subjetividad, medicina social, escuela.","Sujeto, Autonomia, Empoderamiento, Salud, Educacion","educacion,autoridad,subjetivacion,violencia,educacion","salud,educacion,subjetividad,salud,educacion","sujeto,autonomia,empoderamiento,salud,educacion"
"Abalmedina",19459,"Estado, Gestion Publica, Convertibilidad, Marginalidad, Exclusion","Ciencia Politica ,Argentina,Institucionalizacion , disciplina, universidad","Latinoamerica, izquierda, Argentina, partidos, organizaciones.","estado,gestion publica,convertibilidad,marginalidad,exclusion","ciencia politica,argentina,institucionalizacion,disciplina,universidad","latinoamerica,izquierda,argentina,partido,organizacion"
"Cerrutti",21394,"Estados Unidos, México, género, migración, demografía","Latinoamerica, Argentina, fuerza de trabajo, genero, ajuste, liberalizacion.","demografía, Argentina, migración, América Latina, políticas","estados unidos,latinoamerica,genero,migracion,demografia","latinoamerica,argentina,trabajo,genero,ajuste,liberalizacion","demografia,argentina,migracion,latinoamerica,politica publica"
"Meo",29112,"Etica, Investigacion Social, Confidencialidad, Anonimato, Argentina","educacion especial, maestros, exclusion social, pedagogia, disciplina.","Metodos Cualitativos, Metodos Visuales, Habitus, Identidades, Elicitacion Fotografica","etica,investigacion social,confidencialidad,anonimato,argentina","educacion especial,maestro,exclusion social,pedagogia,disciplina","metodo cualitativo,metodo visual,habitus,identidad,elicitacion fotografica"
"Scribano",20780,"Etnografia, Subjetividad, Experiencias, America Latina, Metodologia.","Argentina, protesta, crisis, dominación, conflicto social","Cuerpos, Emociones, Teoria, Epistemologia, Metodologia","etnografia,subjetividad,experiencia,latinoamerica,metodologia","argentina,protesta,crisis,dominacion,conflicto","cuerpo,emocion,teoria,epistemologia,metodologia"
"Vernik",19986,"exclusión, televisión, barrios cerrados, Argentina, teoría","Argentina, televisión, discursos, cultura, diversidad","Weber, teoría, nacionalismo, Polonía, imperialismo","exclusion,television,barrio cerrado,argentina,teoria","argentina,television,discurso,cultura,diversidad","weber,teoria,nacionalismo,polonia,imperialismo"
"Masciadri",20244,"familia, demografía, divorcio, Argentina, censo","familia, demografía,Transmision Intergeneracional, Argentina, paternidad","demografía, Argentina, pareja, divorcio, intergeneracional","familia,demografia,divorcio,argentina,censo","familia,demografia,transmision intergeneracional,argentina,paternidad","demografia,argentina,pareja,divorcio,intergeneracional"
"Gonzalezbollo",20720,"familia, historia, obreros, Argentina, siglo XIX","Argentina, intelectuales, economistas, historia, elite","Argentina, historia, demografía, políticas, raza","familia,historia,obrero,argentina,siglo xix","argentina,intelectual,economista,historia,elite","argentina,historia,demografia,politica publica,raza"
"Busso",37455,"Ferias, Comercio, Espacio Publico, informalidad, consumo","precariedad, informalidad, capitalismo, comparaciones internacionales, trabajadores","Jovenes, Educacion, Trabajo, Desigualdad Social, Pobreza","feria,comercio,espacio publico,informalidad,consumo","precariedad,informalidad,capitalismo,comparacion internacional,trabajador","joven,educacion,trabajo,desigualdad social,pobreza"
"Morresi",24163,"filosofía, liberalismo, Nozick, desigualdad, distribución","Partidos Politicos, Derecha, Pro, Argentina, Liderazgo","Liberalismo Conservador, dictadura militar, democracia, Neoliberalismo, Ricardo Zinn","filosofia,liberalismo,nozick,desigualdad,distribucion","partidos politicos,derecha,pro,argentina,liderazgo","liberalismo conservador,militar,democracia,neoliberalismo,ricardo zinn"
"Belvedere",24582,"filosofía,fenomenología, política, Schutz, teoría","filosofía, fenomenología, ciencias sociales, teoría, epistemología","América Latina, marginalidad, Nun, marxismo, conceptos","filosofia,fenomenologia,politica,schutz,teoria","filosofia,fenomenologia,ciencia social,teoria,epistemologia","latinoamerica,marginalidad,nun,marxismo,concepto"
"Taddei",38044,"Foro Social Mundial, Brasil, solidaridad, resistencia, movilizacion.","Teoria Social, Movimientos Sociales, Accion Colectiva, Conflictos, Latinoamerica","crisis, protestas, Latinoamerica, confrontacion, neoliberalismo.","foro social mundial,latinoamerica,solidaridad,resistencia,movilizacion","teoria social,movimiento social,accion colectiva,conflicto,latinoamerica","crisis,protesta,latinoamerica,confrontacion,neoliberalismo"
"Caminotti",29790,"genero, cuotas, leyes electorales, Argentina, Chile.","cuotas, genero, legislacion electoral, Argentina, Brasil.","movimientos sociales, genero, postneoliberalismo, Jujuy, organizaciones sociales.","genero,cuota,legislacion,argentina,latinoamerica","cuota,genero,legislacion electoral,argentina,latinoamerica","movimiento social,genero,postneoliberalismo,jujuy,organizacion social"
"Rodriguezgusta",38038,"genero, cuotas, leyes electorales, Argentina, Chile.","igualdad, genero, politica publicas, capacidades estatales, Latinoamerica.","accion afirmativa, genero, politica, institucionalidad, transversalizacion.","genero,cuota,legislacion,argentina,latinoamerica","igualdad,genero,politica publica,capacidad estatal,latinoamerica","accion afirmativa,genero,politica,institucionalidad,transversalizacion"
"Vazquezlaba",30137,"genero, feminismo postcolonial, subalternidad, epistemologia, Mohanty.","genero, rural, trabajo, familia, Argentina","Trabajo, Genero, Desigualdad, agricultura, Tucuman","genero,feminismo postcolonial,subalternidad,epistemologia,mohanty","genero,rural,trabajo,familia,argentina","trabajo,genero,desigualdad,agricultura,tucuman"
"Elizalde",37510,"Genero, Investigacion Social, teoría, Conceptos, feminismo","genero, feminismo, subalternidad, teoria, praxis.","comunicacion, genero, campo, transdisciplinariedad, Latinoamerica","genero,investigacion social,teoria,concepto,feminismo","genero,feminismo,subalternidad,teoria,praxis","comunicacion,genero,campo,transdisciplinariedad,latinoamerica"
"Tula",19446,"genero, leyes electorales,  paridad, cuotas, Latinoamerica","elecciones, candidatos, primarias, Argentina, elites","Sistemas Electorales, Genero, Cuotas,Listas Abiertas, Voto Preferencial","genero,legislacion,paridad,cuota,latinoamerica","elecciones,candidato,elecciones,argentina,elite","sistema electoral,genero,cuota,lista abierta,elecciones"
"Reynoso",27580,"genero, leyes electorales, legislaturas, Mexico, cuotas.","alianzas electorales, competitividad, margen de victoria, Mexico, fragmentacion.","Mexico, Federalismo, Democratizacion, Competencia Politica, Politica Subnacional","genero,legislacion,legislatura,latinoamerica,cuota","alianza electoral,competitividad,margen de victoria,latinoamerica,fragmentacion","latinoamerica,federalismo,democratizacion,competencia politica,politica subnacional"
"Magliano",27159,"genero, migracion, politica, Sudamerica, agenda.","Bolivia, Genero, Argentina, Migracion, evolucion.","Migracion, genero, Argentina, Bolivia, Desigualdad Social","genero,migracion,politica,latinoamerica,agenda","latinoamerica,genero,argentina,migracion,evolucion","migracion,genero,argentina,latinoamerica,desigualdad social"
"Domenech",45008,"genero, migracion, politica, Sudamerica, Argentina.","relaciones internacionales, migracion, politica, integracion, Argentina.","escuela, discriminacion, etnicidad, identidad, minorias.","genero,migracion,politica,latinoamerica,argentina","relaciones internacionales,migracion,politica,integracion,argentina","educacion,discriminacion,etnicidad,identidad,minoria"
"Vazquez",27038,"historieta, política, biografía, género, Argentina","Academia, Cultura Popular, Historieta, Intelectuales, América Latina","Historieta, Arte, Exilio, Politica, Industria","historieta,politica,biografia,genero,argentina","academia,cultura popular,historieta,intelectual,latinoamerica","historieta,arte,exilio,politica,industria"
"Abdoferez",27576,"hombre, consenso, guerra, castigo, equidad","Maquiavelo, Althusser, Antiguedad Teorica, Antiguedad Practica","Spinoza, Sentido, Verdad, Historia, Comunidad","hombre,consenso,guerra,castigo,equidad","maquiavelo,althusser,antiguedad teorica,antiguedad practica","spinoza,sentido,verdad,historia,comunidad"
"Mato",32333,"Identidad, América Latina, globalización, transnacional, cultura","Globalizacion, Transnacional, Indigenas, Latinx, ecologismo","interculturalidad, epistemología, ciencia, saberes, universidad","identidad,latinoamerica,capitalismo,transnacional,cultura","capitalismo,transnacional,indigena,latinx,ecologismo","interculturalidad,epistemologia,ciencia,saber,universidad"
"Boito",33009,"identidad, estigma, Segregacion, clase, Colonialismo","urbanismo, pobre, Argentina, villa miseria, vivienda","Economia, Globalizacion, Crisis, Comercio, G,20.","identidad,estigma,segregacion,clase,colonialismo","urbanismo,pobre,argentina,villa miseria,vivienda","economia,capitalismo,crisis,comercio,g,20"
"Esquivel",26291,"Iglesia, elite, Argentina, política, relaciones","cultura, poder, Iglesia, Argentina, laicidad","Teoría,sociología, Weber, poder, diferenciación social","religion,elite,argentina,politica,relacion","cultura,poder,religion,argentina,laicidad","teoria,sociologia,weber,poder,diferenciacion social"
"Vaggione",22861,"Iglesia, Sexualidad, conservadores, Argentina, Chile","religión, militancia, conservadurismo, cambios, sexualidad","Argentina, gay, matrimonio, militancia, Igleisa","religion,sexualidad,conservadores,argentina,latinoamerica","religion,militancia,conservadurismo,cambio,sexualidad","argentina,gay,matrimonio,militancia,igleisa"
"Feld",20803,"imagen, memoria, desaparicion, reflexion, audiovisual.","Argentina, dictadura, televisión, memoría, representaciones","Argentina, dictadura, represión, televisión, reparaciones","imagen,memoria,desaparicion,reflexion,audiovisual","argentina,dictadura,television,memoria,representacion","argentina,dictadura,represion,television,reparacione"
"Duek",37558,"infancia, consumo, celulares, tecnología, educación","Juego, infancia, Medios De Comunicacion, Clasificacion, Cultura","Infancia, Desarrollo, Ecosistema Comunicativo, Educacion, Familia","infancia,consumo,celular,tecnologia,educacion","juego,infancia,medios,clasificacion,cultura","infancia,desarrollo,ecosistema comunicativo,educacion,familia"
"Benitezlarghi",29503,"informática, políticas públicas, educación, juventud, digital","apropiacion, jovenes, sectores populares, digital, informatica","brecha digital, desigualdad social, juventud, informatica, apropiacion","informatica,politica publica,educacion,juventud,digital","apropiacion,joven,sector popular,digital,informatica","brecha digital,desigualdad social,juventud,informatica,apropiacion"
"Gil",37961,"Inmigración, España, estratificación, familia, política","Argelia, educacion, migracion, resistencia, jerarquia colonial.","mercados laborales, politica migratoria, Espana, modelos noreuropeos, migracion.","inmigracion,europa,estratificacion,familia,politica","argelia,educacion,migracion,resistencia,jerarquia colonial","mercado laboral,politica migratoria,europa,modelo noreuropeo,migracion"
"Farias",39859,"Inmigración, España, Identidad, Integración, biografías","migracion Gallega, Argentina, Memoria, integracion, Autobiografia","Exilio, Emigracion, Guerra Civil, Galicia, Politica","inmigracion,europa,identidad,integracion,biografia","migracion gallega,argentina,memoria,integracion,autobiografia","exilio,emigracion,guerra civil,galicia,politica"
"Linares",47891,"justicia, constitucion, democracia deliberativa, reforma, litigio.","democracia, ley, control judicial, jueces, derecho constitucional","independencia judicial, conceptualizacion, indicadores, ciencia politica, metodologia","justicia,constitucion,democracia,reforma,litigio","democracia,legislacion,control judicial,justicia,derecho constitucional","independencia judicial,conceptualizacion,indicador,ciencia politica,metodologia"
"Otero",23848,"juventud, trabajo, precariedad, experiencia, estrategias","juventud, educación, escuela media, desemplo, Argentina","juventud, trabajo, desocupados, representaciones, movimientos sociales","juventud,trabajo,precariedad,experiencia,estrategia","juventud,educacion,educacion,desemplo,argentina","juventud,trabajo,desocupado,representacion,movimiento social"
"Kitzberger",27004,"Latinoamerica, media, periodismo, gobierno, ideologia, izquierda.","media, periodismo, Latinoamerica, gobierno, ideologia.","Latinoamerica, gobierno, prensa, izquierda, populismo, media","latinoamerica,media,medios,gobierno,ideologia,izquierda","media,medios,latinoamerica,gobierno,ideologia","latinoamerica,gobierno,medios,izquierda,populismo,media"
"Rodriguez",20921,"Machiavelo, Republica, Democracia, Gobierno Popular","Nacion, raza, Sarmiento, diversidad, Argentina","diversidad, república, Kirchner, Francia, discurso","machiavelo,republica,democracia,gobierno popular","nacion,raza,sarmiento,diversidad,argentina","diversidad,republica,kirchner,europa,discurso"
"Blazquez",32902,"Masculinidad, cuerpo, Heterosexualidad, género, Danza","Raza, Subjetividad, Juventud, Danza, Argentina","Juventud, Mujeres, Violencia, Performatividad, Argentina","masculinidad,cuerpo,sexualidad,genero,danza","raza,subjetividad,juventud,danza,argentina","juventud,genero,violencia,performatividad,argentina"
"Machadoaraoz",45162,"megamineria, colonialismo, capitalismo, local, Argentina","neocolonialismo, neoliberalismo, saberes ambientales, justicia ambiental, extractivismo.","Neoliberalismo, Extractivismo, Desastre Ambiental, Neocolonialismo, Latinoamerica","megamineria,colonialismo,capitalismo,local,argentina","neocolonialismo,neoliberalismo,saber ambiental,justicia ambiental,extractivismo","neoliberalismo,extractivismo,desastre ambiental,neocolonialismo,latinoamerica"
"Salvi",24173,"memoria,  ejercito, represion, rumores, Argentina.","Memoria, Ejercito, Democracia, Argentina, militares.","ejercito, memoria, represion, Argentina, dictadura.","memoria,militar,represion,rumor,argentina","memoria,militar,democracia,argentina,militar","militar,memoria,represion,argentina,dictadura"
"Feierstein",29755,"memoria, identidad, derechos humanos, represion, estado.","genocidio, violencia, represion, Doctrina de Seguridad Nacional, Argentina","genocidio, Argentina, derecho, estrategia juridica, prescripcion.","memoria,identidad,derecho humano,represion,estado","genocidio,violencia,represion,doctrina de seguridad nacional,argentina","genocidio,argentina,derecho,estrategia juridica,prescripcion"
"Pedone",45490,"migracion, mercado de trabajo, genero, Espana, Ecuador","migracion, ecuador, genero, generaciones, transnacionalismo.","Migraciones, Procesos Familiares, Procesos Socioeducativos, Ecuador, cambios","migracion,trabajo,genero,europa,latinoamerica","migracion,latinoamerica,genero,generacion,nacionalismo","migracion,proceso familiar,educacion,latinoamerica,cambio"
"Blanco",20944,"migracion, trabajadores, ruralidad, agricultura, Argentina","agricultura, sustentabilidad, pampas, Argentina, evaluacion","agricultura, Argentina, sustentabilidad, transformaciones, políticas","migracion,trabajador,rural,agricultura,argentina","agricultura,sustentabilidad,pampa,argentina,evaluacion","agricultura,argentina,sustentabilidad,transformacion,politica publica"
"Retamozo",32197,"movimientos sociales, accion colectiva, hegemonia, Argentina, politica.","Hegemonia, Pueblo, Discurso, Kirchner, Argentina, Estado","sujetos sociales, teoria politica, orden social, subjetividad, lo politico","movimiento social,accion colectiva,hegemonia,argentina,politica","hegemonia,pueblo,discurso,kirchner,argentina,estado","sujeto social,teoria politica,orden social,subjetividad,lo politico"
"Natalucci",33931,"movimientos sociales, democracia, organizaciones, autonomia, piqueteros.","movimientos sociales, kirchnerismo, piqueteros, politica, Argentina.","protestas, movilizacion, organizaciones, sindicatos, piqueteros.","movimiento social,democracia,organizacion,autonomia,piquetero","movimiento social,gobierno,piquetero,politica,argentina","protesta,movilizacion,organizacion,sindicalismo,piquetero"
"Iglesias",31452,"Movimientos Sociales, estado, PT, Brasil, polìtica","Protesta Social, Organizaciones Piqueteras, Identidades Politicas, transformacion, Argentina","Movimientos Sociales, Institucionalizacion, Brasil, Argentina, los 2000s.","movimiento social,estado,pt,latinoamerica,politica","protesta social,organizacion piquetera,politica publica,transformacion,argentina","movimiento social,institucionalizacion,latinoamerica,argentina,los 2000s"
"Rovetto",29457,"Mujeres, trabajo, Medios, Leyes, Igualdad","Androcentrismo, Medios De Comunicacion, Mujeres, genero, prensa","Periodismo, Ciudadania, genero, Androcestrismo, Participacion.","genero,trabajo,medios,legislacion,igualdad","androcentrismo,medios,genero,genero,medios","medios,urbano,genero,androcestrismo,participacion"
"Cagni",19437,"Quesada, Spengler, teoría, estudios latinoamericanos, biblioteca","Prensa, estado, dictadura, negocios, Argentina","Europa, Usa, tradición, consumismo, teoría política","quesada,spengler,teoria,estudios latinoamericanos,biblioteca","medios,estado,dictadura,negocio,argentina","europa,usa,tradicion,consumismo,teoria politica"
"Svampa",32780,"Neoextractivismo, Megamineria, Commodities, Ambientalismo, Latinoamerica","Extrativismo, Territorialidad, Luchas Socioambientales, Pensamiento Critico, Latinoamerica","Peronismo, Kirchnerismo, Nacional-Popular, Desarrollo, Argentina","neoextractivismo,megamineria,commodity,ambientalismo,latinoamerica","extrativismo,territorialidad,lucha socioambiental,pensamiento critico,latinoamerica","peronismo,gobierno,nacional-popular,desarrollo,argentina"
"Carmona",27969,"Pactos, territorio, Politicas, Governanza, Desarrollo Local","distrito industrial, políticas públicas, governance, territorio","Participacion Ciudadana, Politicas Publicas, Gobierno Local, Argentina","pacto,territorio,politica publica,governanza,desarrollo local","distrito industrial,politica publica,governance,territorio","urbano,politica publica,gobierno local,argentina"
"Landau",27046,"Participacion, Ciudadania, estado, ciudad, polìtica","Laclau, Foucault, Ranciere, Poder, Politica","Estado, Autoridad, Ciudadania, Participacion, Gobierno, Ciudad","participacion,urbano,estado,urbano,politica","laclau,foucault,ranciere,poder,politica","estado,autoridad,urbano,participacion,gobierno,urbano"
"Scherlis",33314,"partidos politicos, institutionalizacion, democracia, clientelism, volatilidad electoral.","partidos politicos, patronazgo, empleo publico, conceptualizacion, democracia.","partidos politicos, patronazgo, Europa contemporanea, burocracias gubernamentales, particularismo.","partidos politicos,institutionalizacion,democracia,clientelismo,volatilidad electoral","partidos politicos,patronazgo,trabajo,conceptualizacion,democracia","partidos politicos,patronazgo,europa contemporanea,burocracias gubernamentales,particularismo"
"Martinez",31193,"peronismo, Argentina, provincias, historia, caudillos locales.","intelectuales, cultura, provincia, sistemas simbolicos, espacio local.",NA,"peronismo,argentina,provincia,historia,caudillo local","intelectual,cultura,provincia,sistema simbolico,espacio local",""
"Carassai",32561,"Peronismo, intelectuales, periodicos, politica, cultura.","crisis politica, movilizacion social, descontento, solidaridad, heterogeneidad radical.","Derechos Humanos, Dictadura, Clases Medias, Teoria De Los Dos Demonios, violencia politica.","peronismo,intelectual,periodico,politica,cultura","crisis politica,movilizacion social,descontento,solidaridad,heterogeneidad radical","derecho humano,dictadura,clase social,teoria de los dos demonios,violencia politica"
"Barry",32230,"Peronismo, Partido Peronista Femenino, Sufragio Femenino, Genero, Practicas Politicas.","Eva Peron, Peronismo, Partido, Genero, Argentina.","Peronismo, Partido, Sufragio femenino, genero,  Eva Peron.","peronismo,genero,genero,genero,politica publica","eva peron,peronismo,partido,genero,argentina","peronismo,partido,genero,genero,eva peron"
"Gutierrez",24643,"peronismo, sindicalismo, partidos políticos, democratización, Argentina","expertos, politicos, saneamiento, reformas, Brasil","Contaminacion, ambientalismo, urbes, Argentina, Conocimiento Local","peronismo,sindicalismo,partidos politicos,democratizacion,argentina","experto,politico,saneamiento,reforma,latinoamerica","contaminacion,ambientalismo,urbano,argentina,conocimiento local"
"Santillan",33004,"pobreza, eventos demograficos, Argentina, analisis longitudinal, Encuesta Permanente de Hogares.","informacion, monitoreo, salud, personas mayores, Argentina.","encuesta permanente de hogares, casamiento, cohabitacion, paneles de encuestas, modelos estadisticos.","pobreza,evento demografico,argentina,analisis longitudinal,encuesta permanente de hogares","informacion,monitoreo,salud,persona mayor,argentina","encuesta permanente de hogares,matrimonio,cohabitacion,panel de encuestas,modelo estadistico"
"Anzorena",29569,"Política social,  mujeres, familia, capital humano, genero","No-Martenidad, Genero, Cuerpos, Feminismo, Heteropatriarcado","Mujeres, Trabajo, Desempleo, Politicas Sociales, genero","politica social,genero,familia,capital humano,genero","no-martenidad,genero,cuerpo,feminismo,heteropatriarcado","genero,trabajo,trabajo,politica publica,genero"
"Cucchetti",25868,"Politica, Religion, Catolicismo, Peronismo, Argentina","religión, pernonismo, subnacional, política, conflicto","Elecciones, Partidos, Trayectorias Sociales, Voto, Argentina","politica,religion,religion,peronismo,argentina","religion,pernonismo,subnacional,politica,conflicto","elecciones,partido,trayectoria social,elecciones,argentina"
"Mallimaci",30760,"politica, secularizacion, religion, Latinoamerica, estado.","catolicismo, liberalismo, religion, modernidad, Latinoamerica.","Iglesia, militares, Argentina, historia, cultura politica dominante.","politica,secularizacion,religion,latinoamerica,estado","religion,liberalismo,religion,modernidad,latinoamerica","religion,militar,argentina,historia,cultura politica dominante"
"Thomas",22812,"popular, inclusión, tecnología, desarrollo, sustentable","universidad, empresa, articulación, tecnología, America Latina","trabajo, movilidad, empleo doméstico, Argentina, racionalidad","popular,inclusion,tecnologia,desarrollo,sustentable","universidad,empresa,articulacion,tecnologia,latinoamerica","trabajo,movilidad,trabajo,argentina,racionalidad"
"Elizaldeacevedo",29750,"prensa, estructura economica, menemismo, Argentina, prensa diaria nacional","television, familia, infancia, historia Argentina","tecnologia, juventud, etnografia, entorno mediatico, comunicacion.","medios,estructura economica,gobierno,argentina,medios","television,familia,infancia,historia argentina","tecnologia,juventud,etnografia,entorno mediatico,comunicacion"
"Deluca",24633,"primarias, candidatos, partidos, elecciones subnacionales, Argentina.","Argentina, Elecciones 2009, Realineamiento Politico, Peronismo, Kirchner","Europa, Cono Sur, Ciencia Politica, relaciones internacionales, paradoja","elecciones,candidato,partido,elecciones,argentina","argentina,elecciones,realineamiento politico,peronismo,kirchner","europa,latinoamerica,ciencia politica,relaciones internacionales,paradoja"
"Crenzel",20638,"privatizacion, agua, equidad, Argentina, crisis.","Argentina, dictadura, Desaparecidos, Derechos humanos, justicia","Argentina, Dictadura, Justicia, Reparación, Militares","privatizacion,agua,equidad,argentina,crisis","argentina,dictadura,desaparicion,derecho humano,justicia","argentina,dictadura,justicia,reparacion,militar"
"Lorencvalcarce",23917,"Problemas públicos, movilizaciónes, espacio  público, agenda, teoría","Argentina, trabajo, seguridad privada, asalariados, vigilancia","teoria","problema publico,movilizacion,espacio publico,agenda,teoria","argentina,trabajo,seguridad privada,asalariado,vigilancia","teoria"
"Kreimer",22002,"problemas sociales, conocimiento, ciencia, globalización, instituciones","ciencia, conocimiento, problemas sociales, gestión, compromiso","ciencia, evaluación, políticas, burocracia, desarrollo","problema social,conocimiento,ciencia,capitalismo,institucion","ciencia,conocimiento,problema social,gestion,compromiso","ciencia,evaluacion,politica publica,burocracia,desarrollo"
"Nardacchione",22294,"protesta, Argentina, sindicatos, docentes, negociación","teoría, sociología, Francia, pragmatismo, acción","Teoría, Sociología, Acción, pragmatismo, América Latina","protesta,argentina,sindicalismo,educacion,negociacion","teoria,sociologia,europa,pragmatismo,accion","teoria,sociologia,accion,pragmatismo,latinoamerica"
"Lodola",38114,"protesta, desempleo, Plan Trabajar, provincias, piqueteros.","carreras politicas subnacionales, federalismo, Argentina, Brasil, sistema electoral.","federalismo, transferencias fiscales, presidencialismo, gobernadores, Argentina","protesta,trabajo,plan trabajar,provincia,piquetero","politica publica,federalismo,argentina,latinoamerica,sistema electoral","federalismo,transferencia fiscal,presidencialismo,gobernadores,argentina"
"Artese",27205,"Protesta, Represion, Argentina, Ruta, Discursos","Argentina, protesta, represión, crisis, privatizaciones","Conflicto Social, Protesta, criminalizacion, Argentina, Discurso","protesta,represion,argentina,ruta,discurso","argentina,protesta,represion,crisis,privatizacion","conflicto,protesta,criminalizacion,argentina,discurso"
"Seman",20081,"Psicología, Religión, clases populares, cultura, Argentina","cultura, popular, dominación, diversidad, teoría","música, juventud, sectores populares, Argentina, cultura","psicologia,religion,clase social,cultura,argentina","cultura,popular,dominacion,diversidad,teoria","musica,juventud,sector popular,argentina,cultura"
"Beigel",31228,"publicaciones, Argentina, investigacion, América Latina, Ciencia, Norte","Sistema Academico Mundial, Cientometria, Circuito Regional, Centros Perifericos, Latinoamerica","Revistas, Campo Cultural, Periodismo, Vanguardia, Latinoamerica","publicacion,argentina,investigacion,latinoamerica,ciencia,norte","sistema academico mundial,cientometria,circuito regional,centro periferico,latinoamerica","revista,campo cultural,medios,vanguardia,latinoamerica"
"Serrafero",33916,"reeleccion indefinida, presidencialismo, democracia, autoritarismo, Latinoamerica","presidencialismo, reeleccion, Latinoamerica, cultura politica, regimen institucional","presidencialismo, parlamentarismo, Latinoamerica, crisis politicas, ingenieria institucional.","elecciones,presidencialismo,democracia,autoritarismo,latinoamerica","presidencialismo,elecciones,latinoamerica,cultura politica,regimen institucional","presidencialismo,parlamentarismo,latinoamerica,politica publica,ingenieria institucional"
"Munizterra",25952,"Refineria,Privatizacion, desocupación, Argentina, sindicatos","Trayectorias Laborales, Curso De Visa, Enfoque Biografico, metodología","petroleros, sindicatos, Argentina, privatización, YPF","refineria,privatizacion,trabajo,argentina,sindicalismo","trayectoria laboral,curso de visa,enfoque biografico,metodologia","petrolero,sindicalismo,argentina,privatizacion,ypf"
"Fernandezhasan",20706,"reforma, educación, Argentina, neoliberalismo, políticas","Argentina, educación, medios, ciudadanía, cultura","periodismo, medios, género, hegemonía, radio","reforma,educacion,argentina,neoliberalismo,politica publica","argentina,educacion,medios,urbano,cultura","medios,medios,genero,hegemonia,radio"
"Lechini",22031,"Relaciones Internacionales, Cultura, Comercio, Historia, Africa, Brasil","Brasil, Politica Exterior, Liderazgo Regional, Potencia Media, Autonomia","Cooperacion, Sur-Sur, Narrativas, America Latina, autonomia","relaciones internacionales,cultura,comercio,historia,africa,latinoamerica","latinoamerica,politica exterior,liderazgo regional,potencia media,autonomia","cooperacion,sur-sur,narrativas,latinoamerica,autonomia"
"Aguila",38089,"represion, Argentina, organismos, dictadura, Estado.","Dictadura , Historia , Debates, militares, interpretacion.","dictadura, represion, izquierda, Partido Comunista, Union Sovietica.","represion,argentina,organismo,dictadura,estado","dictadura,historia,debate,militar,interpretacion","dictadura,represion,izquierda,partido comunista,union sovietica"
"Souroujon",23254,"Republicanismo, Revolucion Norteamericana, Arendt, Liberalismo, filosofía política","libros, autoayuda, romanticismo, subjetividad, autenticidad","memoria, identidad, narrativa, verdad, imaginación","republicanismo,revolucion norteamericana,arendt,liberalismo,filosofia politica","libro,autoayuda,romanticismo,subjetividad,autenticidad","memoria,identidad,narrativa,verdad,imaginacion"
"Pelaez",20239,"riesgo, habitat, desigualdades, Argentina, segregracion.","comparacion, mortalidad, causas, violencia, ciudades.","Envejecimiento De La Poblacion, Fecundidad, Mortalidad, Esperanza De Vida, demografia","riesgo,habitat,desigualdad,argentina,segregacion","comparacion,mortalidad,causa,violencia,urbano","envejecimiento de la poblacion,fecundidad,mortalidad,esperanza de vida,demografia"
"Montenegro",20245,"riesgo, teoría, modernidad, desigualdad, percepciones","medios, isla, Brasil, identidades, representaciones","religión, frontera, Argentina, Brasil, Paraguay","riesgo,teoria,modernidad,desigualdad,percepcion","medios,isla,latinoamerica,identidad,representacion","religion,frontera,argentina,latinoamerica,latinoamerica"
"Dominguez",30241,"rural, conflictos, indigenas, campesinos, territorio.","rural, Argentina, neoliberalismo, exportacion, monocultivo sojero.","territorialidad, rural, agricultura familiar, exclusion, indigenas.","rural,conflicto,indigena,agricultor,territorio","rural,argentina,neoliberalismo,exportacion,monocultivo sojero","territorialidad,rural,rural,exclusion,indigena"
"Gras",21876,"rural, Innovacion,  Argentina, empresa, familia,","Argentina, rural, exclusión, familia, tierra","rural, Argentina, trabajo, estrategias, cambio","rural,innovacion,argentina,empresa,familia","argentina,rural,exclusion,familia,tierra","rural,argentina,trabajo,estrategia,cambio"
"Suarez",30748,"segregación residencial, educación, desigualdad, calidad, AMBA","Segregacion Residencial, Mercado De Trabajo, Desigualdad, Argentina, conurbano.","religion, campo, creencias, practicas, Argentina.","segregacion,educacion,desigualdad,calidad,argentina","segregacion,trabajo,desigualdad,argentina,urbano","religion,campo,creencia,practica,argentina"
"Gonzalez",31504,"segregacion,  urbe, demografia, Argentina, Brasil.","Clase Media, Nuevos Pobres, Vulnerabilidad, Argentina, Mexico.","Vulnerabilidad Social, Pobreza, Dinamica Demografica, Argentina, demografia","segregacion,urbano,demografia,argentina,latinoamerica","clase social,nuevos pobres,vulnerabilidad,argentina,latinoamerica","vulnerabilidad social,pobreza,dinamica demografica,argentina,demografia"
"Cosse",27975,"sexualidad, modernizacion social, importacion cultural, sesenta, Argentina","politicas publicas, infancia, los treinta, innovacion, Argentina.","genero, Revistas, sesemtas, Historia, Cultura","sexualidad,modernizacion social,importacion cultural,sesenta,argentina","politica publica,infancia,los treinta,innovacion,argentina","genero,revista,sesenta,historia,cultura"
"Wilkis",32108,"Simmel, Teoria, Modernidad, Conocimiento, individualización","Sociologia, Credito, Clases Populares, Consumo, Endeudamiento.","Bordieu, Teoria Sociologica, Estrategia, Racionabilidad, Reproduccion Social","simmel,teoria,modernidad,conocimiento,individualizacion","sociologia,credito,clase social,consumo,endeudamiento","bordieu,teoria sociologica,estrategia,racionabilidad,reproduccion social"
"Senengonzalez",29700,"sindicalismo, reactivacion economica, negociacion colectiva, revitalizacion sindical, Argentina","sindicalismo, revitalizacion sindical, negociacion colectiva, conflictos laborales, Argentina","Neoliberalismo, Conflicto Laboral, Sindicatos, Argentina, sector aceitero.","sindicalismo,reactivacion economica,negociacion colectiva,revitalizacion sindical,argentina","sindicalismo,revitalizacion sindical,negociacion colectiva,conflicto,argentina","neoliberalismo,conflicto,sindicalismo,argentina,sector aceitero"
"Gordillo",19787,"sindicatos, dictadura, movilización, industria, política","sindicatos, protesta, Argentina, setentas, política","Cordobazo, violencia, sindicatos, movilización, izquierda","sindicalismo,dictadura,movilizacion,industria,politica","sindicalismo,protesta,argentina,setenta,politica","argentina,violencia,sindicalismo,movilizacion,izquierda"
"Martinezmazzola",22166,"Socialismo, Liberalismo, Argentina, Intelectuales, Partido.","Partido Socialista, Reforma Electoral, Cuestion Nacional, Partidos Politicos, Argentina","Partido Socialista, Totalitarismo, Peronismo, Comunismo, Nacionalismo, Americo Ghioldi","socialismo,liberalismo,argentina,intelectual,partido","partido socialista,reforma electoral,cuestion nacional,partidos politicos,argentina","partido socialista,totalitarismo,peronismo,comunismo,nacionalismo,americo ghioldi"
"Blanco",21208,"Sociologia, Latinoamerica, Institucionalizacion, ensenanza, investigacion.","Ciencias sociales, institucionalizacion, intelectual, elites, organismos internacionales.","América Latina, Europa, teoría, intelectual, influencia","sociologia,latinoamerica,institucionalizacion,educacion,investigacion","ciencia social,institucionalizacion,intelectual,elite,organismo internacional","latinoamerica,europa,teoria,intelectual,influencia"
"Pereyra",24640,"Sociologia, Universidad, Argentina, Germani, enseñanza","Argentina, Universidad, Sociología, Fundaciones, Estados Unidos","Sociología, escuela media, enseñanza, teoría, Argentina","sociologia,universidad,argentina,germani,educacion","argentina,universidad,sociologia,fundacion,estados unidos","sociologia,educacion,educacion,teoria,argentina"
"Camarotti",41337,"Sujeto, Autonomia, Empoderamiento, Promocion De La Salud, Escuelas Medias","juventud, drogas, consumo, musica, diversion.","juventud, individuo, subjetividad, biografia, narrativa","sujeto,autonomia,empoderamiento,salud,educacion","juventud,droga,consumo,musica,diversion","juventud,individuo,subjetividad,biografia,narrativa"
"Caceres",21296,"teoría, beneficios, actores, articulación, naturaleza","Argentina, rural, cambio climático, deforestación, tierra","Argentina, rural, sustentabilidad, autosuficiencia, organicos","teoria,beneficio,actores,articulacion,naturaleza","argentina,rural,cambio climatico,deforestacion,tierra","argentina,rural,sustentabilidad,autosuficiencia,organico"
"Inda",32008,"teoría, marxismo, individualismo, estratificación, metodología","Clases Sociales, Lucha De Clases, Movimientos Sociales, Marxismo, Funcionalismo","Weber, Estado, Individualismo Metodologico, accion individual, orden politico.","teoria,marxismo,individualismo,estratificacion,metodologia","clase social,lucha de clase,movimiento social,marxismo,funcionalismo","weber,estado,individualismo metodologico,accion individual,orden politico"
"Galafassi",21743,"teoría, movimientos sociales, funcionalismo, posmodernidad, marxismo","Acumulacion Originaria, Recursos Naturales, Desarrollo, teoría, marxismo","Argentina, movimientos sociales, inclusión, marxismo, democracia","teoria,movimiento social,funcionalismo,posmodernidad,marxismo","acumulacion originaria,recurso natural,desarrollo,teoria,marxismo","argentina,movimiento social,inclusion,marxismo,democracia"
"Paz",22399,"teoría, rural, agricultor, conceptos, cambios","Argentina, agricultor, cambios, evolución, tendencias","Agricultura Familiar, Censo Agropecuario, agricultores  propiedad, productividad","teoria,rural,agricultor,concepto,cambio","argentina,agricultor,cambio,evolucion,tendencia","rural,censo agropecuario,agricultor,productividad"
"Hocsman",20931,"Territorialidad, Economia, agricultor, rural, pobreza","rural, Argentina, legislación, propiedad, tierras","rural, Argentina, agronegocios, energía, alimentación","territorialidad,economia,agricultor,rural,pobreza","rural,argentina,legislacion,propiedad,tierra","rural,argentina,agronegocios,energia,alimentacion"
"Nievas",32565,"territorio, espacio, sociologia, marxismo, teoria social.","sociologia, guerra, gobierno, significacion, conflicto.","Conflictos, Acciones Militares, Guerra, Irregularidad, derechos humanos","territorio,espacio,sociologia,marxismo,teoria social","sociologia,guerra,gobierno,significacion,conflicto","conflicto,militar,guerra,irregularidad,derecho humano"
"Andujar",40219,"trabajadores, genero, politica social, Comodoro Rivadavia, Argentina.","Argentina, Neoliberalismo, Movimientos Piqueteros, Mujeres, genero.","trabajadores, Genero, justicia social, Huelgas Petroleras, Argentina","trabajador,genero,politica social,argentina,argentina","argentina,neoliberalismo,movimiento piquetero,genero,genero","trabajador,genero,justicia social,huelga petrolera,argentina"
"Rau",20729,"Trabajadores, Mercado, Rural, Intermediacion, Argentina","rural,  cultivos, Argentina, gestión, acción colectiva","teoría, rural, trabajo, segmentación, mercado","trabajador,mercado,rural,intermediacion,argentina","rural,cultivo,argentina,gestion,accion colectiva","teoria,rural,trabajo,segmentacion,mercado"
"Lenguita",34900,"trabajadores, sindicalismo, conflicto, operarios, Argentina.","sindicato, trabajadaores, derechos, transporte subterraneo, delegados.","teletrabajo, periodismo, gestion empresarial, explotacion laboral, colaborador externo.","trabajador,sindicalismo,conflicto,operario,argentina","sindicalismo,trabajador,derecho,transporte subterraneo,delegado","trabajo,medios,gestion empresarial,explotacion laboral,colaborador externo"
"Tizziani",29231,"trabajo domestico, jerarquia social, genero, Argentina, estudio cualitativo.","Servico Domestico, Segmentacion Laboral, Trabajo, Derechos Laborales, Argentina","Empleo Domestico, Movilidad Social, Movilidad Ocupacional, Carreras Laborales, trabajo","trabajo,jerarquia social,genero,argentina,estudio cualitativo","servico domestico,segmentacion laboral,trabajo,derecho laboral,argentina","trabajo,movilidad social,trabajo,carrera laboral,trabajo"
"Abalmedina",20804,"trabajo, Argentina, Identidad, Sindicato, juventud","Teoría, Trabajo, Foucault, poder, resistencia","Argentina, capitalismo, trabajo, control, servicios","trabajo,argentina,identidad,sindicalismo,juventud","teoria,trabajo,foucault,poder,resistencia","argentina,capitalismo,trabajo,control,servicio"
"Martin",29813,"trabajo, capacitacion laboral, vitiminicultura, Argentina, mercado de trabajo.","Politicas Publicas, capacitacion laboral, segmentacion, juventud, Argentina.","Juventud, Trayectorias Educativas, Trabajo, Vitivinicultura, Argentina.","trabajo,capacitacion laboral,vitivinicultura,argentina,trabajo","politica publica,capacitacion laboral,segmentacion,juventud,argentina","juventud,trayectorias educativa,trabajo,vitivinicultura,argentina"
"Pierbattisti",20909,"Trabajo, docencia,  femenino, cambios, Argentina","trabajo, privatizaciones, Argentina, género, identidad","trabajo, teoría, control, poder, neoliberalismo","trabajo,educacion,genero,cambio,argentina","trabajo,privatizacion,argentina,genero,identidad","trabajo,teoria,control,poder,neoliberalismo"
"Roldan",20344,"trabajo, género, tecnología, organización, capitalismo","capitalismo, finanzas, crisis, desempleo, globalización","Trabajo, enseñanza, escuela, arte, Argentina","trabajo,genero,tecnologia,organizacion,capitalismo","capitalismo,finanza,crisis,trabajo,capitalismo","trabajo,educacion,educacion,arte,argentina"
"Szlechter",42303,"Trabajo, Gerencial, Posfordismo, red, automatización","Simmel, Cosumidor, Marketing, modernidad, empresarial","Capitalismo, Gerentes, Transnacionales, Empresas, Jerarquia","trabajo,gerencial,posfordismo,red,automatizacion","simmel,cosumidor,marketing,modernidad,empresarial","capitalismo,gerente,transnacionales,empresa,jerarquia"
"Salvia",29655,"trabajo, planes de empleo, capacitacion, subsidio salarial, informalidad.","Argentina, trabajo, heterogeneidad, precarizacion, flexibilidad laboral","medicion, sesgos, encuestas, ingreso, Argentina.","trabajo,trabajo,capacitacion,subsidio salarial,informalidad","argentina,trabajo,heterogeneidad,precarizacion,flexibilidad laboral","medicion,sesgo,encuestas,ingreso,argentina"
"Drolas",37629,"trabajo, recursos humanos, organización, competencias, gestión","Argentina, sindicatos, participación, burocracia, clase obrera","Saberes, Trabajo, Hegemonia, Participacion, Transferencia De Saberes","trabajo,recurso humano,organizacion,competencia,gestion","argentina,sindicalismo,participacion,burocracia,clase obrera","saber,trabajo,hegemonia,participacion,transferencia de saberes"
"Neiman",19603,"trabajo, rural, informalidad, Argentina, políticas","rural, trabajo, estudios, desigualdad, Argentina","rural, Argentina, asalariados, familia, informalidad","trabajo,rural,informalidad,argentina,politica publica","rural,trabajo,estudio,desigualdad,argentina","rural,argentina,asalariado,familia,informalidad"
"Aparicio",29673,"Trabajo, Rural, Intermediacion, Argentina, modelos.","trabajo, rural, Argentina, exportacion, salarios","salarios rurales, exportaciones agricolas, trabajo estacional, Argentina, regulaciones comerciales","trabajo,rural,intermediacion,argentina,modelo","trabajo,rural,argentina,exportacion,salario","salario rural,rural,trabajo,argentina,regulacion comercial"
"Delbono",20228,"trabajo, sector servicios, deslocalización, representaciones, flexibilización","servicios, call center, precariedad, trabajo, futuro","trabajo, juventud, precarización, servicios, Argentina","trabajo,sector servicios,deslocalizacion,representacion,flexibilizacion","servicio,call center,precariedad,trabajo,futuro","trabajo,juventud,precarizacion,servicio,argentina"
"Tabbush",39872,"transferencias monetarias condicionadas, Chile, Argentina, feminismo, madres.","Movimientos Sociales, Genero, Argentina, Posneoliberalismo, Organizaciones Sociales","genero, exclusion, mujer, Argentina, participacion.","transferencia monetaria,latinoamerica,argentina,feminismo,madre","movimiento social,genero,argentina,posneoliberalismo,organizacion social","genero,exclusion,genero,argentina,participacion"
"Tonkonoff",24621,"Transgresión, crimen, castigo, mitos, dispositivo","Argentina, juventud, delito, estrategias, consumo","conocimiento, sociología, G Tarde, relaciones sociales, masas","transgresion,crimen,castigo,mito,dispositivo","argentina,juventud,delito,estrategia,consumo","conocimiento,sociologia,g tarde,relacion social,masa"
"Blacha",29578,"Transicion , Poder , Provincias , Peronismo, Argentina","elite, clase politica, jerarquia, Mosca, Pareto.","sociologia, poder, relaciones sociales, Elias, Bordieu","transicion,poder,provincia,peronismo,argentina","elite,clase politica,jerarquia,mosca,pareto","sociologia,poder,relacion social,elias,bordieu"
"Castiglione",48026,"Trata, Migraciones, Normativa, Estado, desarrollo.","acumulacion de activos, diaspora, Argentina, migracion, transnacionalismo.","movimientos sociales, Latinoamerica, MST, Brasil, rural.","trata,migracion,normativa,estado,desarrollo","acumulacion de activos,diaspora,argentina,migracion,nacionalismo","movimiento social,latinoamerica,mst,latinoamerica,rural"
"Sosa",46889,"Trauma, Cine, dictadura, muerte, luto","dictadura, memoria, testimonio, duelo, teatro","humor hijos memoria dictadura Argentina","trauma,cine,dictadura,muerte,luto","dictadura,memoria,testimonio,duelo,teatro","dictadura"
"Navarro",29471,"Turismo, Inclusion Social, Multiculturalidad, identidad, ocio","Recurso, Atractivo, Concepto, Clasificacion, Valoracion","turismo, imagen, Argentina, modernizacion occidental, gobierno.","turismo,inclusion social,multiculturalidad,identidad,ocio","recurso,atractivo,concepto,clasificacion,valoracion","turismo,imagen,argentina,modernizacion occidental,gobierno"
"Divirgilio",21557,"urbano, Argentina, trabajo, Habitat, Pobreza","metodología, cualitativo, trabajo de campo, entrevistas, investigación","Argentina, vivienda, problemas sociales, demandas, políticas","urbano,argentina,trabajo,habitat,pobreza","metodologia,cualitativo,trabajo,entrevista,investigacion","argentina,vivienda,problema social,demanda,politica publica"
"Zylberman",38528,"Verdad, Representacion, Identidad, narrativa, teoría","Memoria, Samuel Beckett, Metaforas, Imaginacion, recorrido","Cine, Pasolini, Teorema, Sexo, Liberacion","verdad,representacion,identidad,narrativa,teoria","memoria,samuel beckett,metafora,imaginacion,recorrido","cine,pasolini,teorema,sexo,liberacion"
"Noel",33291,"violencia, etnología, teoría, sociedad, política.","Moralidades, categorización, cambio social, Argentina, comunidad","Teoria, cultura, Codigos, Antropologia, moral","violencia,etnologia,teoria,sociedad,politica","moralidad,categorizacion,cambio social,argentina,comunidad","teoria,cultura,codigo,antropologia,moral"
"Colladomazzeo",20841,"Vitvincultura, Productores, Ingresos, Desigualdad, Argentina","Argentina, Vitivinicultura, rural, historia, desarrollo","Teoría, capitalismo, globalización, trabajo, desigualdad","vitivinicultura,productor,ingreso,desigualdad,argentina","argentina,vitivinicultura,rural,historia,desarrollo","teoria,capitalismo,capitalismo,trabajo,desigualdad"
"Rojas",19689,"Vivienda, salud, pobreza, Vulnerabilidad, Riesgo","Objetivos de desarrollo del milenio, sujeto del conocimiento, salud pública","Medicina, salud, vivienda, familia, políticas","vivienda,salud,pobreza,vulnerabilidad,riesgo","objetivos de desarrollo del milenio,sujeto del conocimiento,salud","salud,salud,vivienda,familia,politica publica"
"Ratto",26966,"voto economico, rendicion de cuentia, Latinoamerica, comportamiento electoral, historia.","Comparacion, comportamiento electoral, Latinoamerica, rendicion de cuentas, reformas economicas.","voto economico, comportamiento electoral, Latinoamerica, rendicion de cuenta, economia.","elecciones,accountability,latinoamerica,elecciones,historia","comparacion,elecciones,latinoamerica,accountability,reforma economica","elecciones,elecciones,latinoamerica,accountability,economia"
"Delamata",29647,"sindicatos, desocupados, organizaciones, asambleas, identidades","Argentina, Movimientos Sociales, extractivismo, Activismo Legal, constitucion.","Movimientos Sociales, Activismo Legal, Constitucion, Ciudadania, Argentina","sindicalismo,desocupado,organizacion,asambleas,identidad","argentina,movimiento social,extractivismo,activismo legal,constitucion","movimiento social,activismo legal,constitucion,urbano,argentina"
"Funes",29606,NA,"cultura, dictadura, servicios de inteligencia, represion, censura.","Latinoamerica, Ciencias Sociales, Dictadura, Servicios De Inteligencia, censura","","cultura,dictadura,servicios de inteligencia,represion,censura","latinoamerica,ciencia social,dictadura,servicios de inteligencia,censura"
"Oddone",29665,"Memoria colectiva, cultura, Suiza, Argentina, impacto transgeneracional","Estudios, Infancia, Adolescencia, Juventud, Argentina","Curso De La Vida, Cambio, Memoria, generacion, hechos socio-historicos","memoria colectiva,cultura,suiza,argentina,impacto transgeneracional","estudio,infancia,adolescencia,juventud,argentina","curso de la vida,cambio,memoria,generacion,hecho socio-historico"
"Figari",32770,"empresa, trabajo, formación, modernización, Argentina","Juventud, Vejez, Educacion, Trabajo, Transicion","YPF, Argentina, empresa, privatizacion, trabajo","empresa,trabajo,formacion,modernizacion,argentina","juventud,vejez,educacion,trabajo,transicion","ypf,argentina,empresa,privatizacion,trabajo"
"Krmpotic",31372,"Trabajo Social Forense, arbitraje social, enfoque socio-jurídico","Sujeto, Poltica Social, Autonomia, Dependencia, Sufrimiento","trabajo social, Argentina, paradigmas, sociedad civil, estado","trabajo,arbitraje social,enfoque socio-juridico","sujeto,poltica social,autonomia,dependencia,sufrimiento","trabajo,argentina,paradigmas,sociedad civil,estado"
"Guemureman",29659,"Argentina, justicia, menores, leyes, reforma","Violencia, juventud, Sistema Penal, subculturas, adolescentes","Estudios, Infancia, Adolescencia, Juventud, Argentina","argentina,justicia,menor,legislacion,reforma","violencia,juventud,sistema penal,subcultura,adolescente","estudio,infancia,adolescencia,juventud,argentina"
"Kohan",33320,NA,NA,"Karel Kosick, Marxismo, Critica Politica, Capitalismo, Socialismo","","","karel kosick,marxismo,critica politica,capitalismo,socialismo"
"Donaire",29280,"Argentina, estructura social, clase obrera, hiperinflacion, conflictos","Argentina, poblacion, estructura social, clase, transformaciones","estructura social, clases, Argentina, poblacion, transformaciones","argentina,estructura social,clase obrera,hiperinflacion,conflicto","argentina,poblacion,estructura social,clase,transformacion","estructura social,clases,argentina,poblacion,transformacion"
"Carozzi",29653,"rituales, religion, pentacostalismo, identidad, interpretación","religión, movimiento social, sacralización, exclusión autoridad","rituales, ciencis social, cuerpos, discurso, estética","rituales,religion,pentacostalismo,identidad,interpretacion","religion,movimiento social,sacralizacion,exclusion autoridad","rituales,ciencis social,cuerpo,discurso,estetica"
"Forni",29683,"ONG, America Latina, organizacion, estado, neoinstitucionalismo","Argentina, genero, ONGs, redes, negociacion","ONG, redes, organizacion, neoinstitucionalismo, Argentina","ong,latinoamerica,organizacion,estado,neoinstitucionalismo","argentina,genero,ongs,red,negociacion","ong,red,organizacion,neoinstitucionalismo,argentina"
"Borrelli",36505,"Dictadura militar argentina, prensa argentina, discurso","Enseñanza de la Historia, memoria colectiva, historia reciente","Medios de comunicación, dictadura, desarrollismo, grupo económico, Clarin","militar,medios,discurso","educacion,memoria colectiva,historia reciente","medios,dictadura,desarrollismo,grupo economico,clarin"
"Costa",42930,"edición universitaria, dispersión, internet, concentración, edición internacional",NA,"cuerpo, biotecnología, consumidor, cuidado, estética","edicion universitaria,dispersion,internet,concentracion,edicion internacional","","cuerpo,biotecnologia,consumidor,cuidado,estetica"
